id,source_url,title,content,content_length,processing_time,timestamp,success,error_message
html-to-markdown_raw_20250907_095809,https://test.com/simple,HTML to Markdown 轉換系統測試,"# HTML to Markdown 轉換系統測試

# HTML to Markdown 轉換系統測試

這是一個完整的測試內容，用於驗證 HTML to Markdown 轉換功能的正確性和穩定性。本測試涵蓋了基本的 HTML 元素轉換，包括標題、段落、列表等常見結構。

## 主要功能特點

- 支援多種 HTML 元素的智能轉換
- 保持原始文檔的結構和格式
- 提供高品質的 Markdown 輸出
- 完整的錯誤處理和驗證機制

系統採用先進的解析算法，能夠準確識別 HTML 結構並轉換為對應的 Markdown 語法，確保轉換結果的準確性和可讀性。",283,0.003161191940307617,2025-09-07T09:58:09.718416,True,
